<?xml version="1.0" encoding="UTF-8" ?>
<jsonDataAdapter class="net.sf.jasperreports.data.json.JsonDataAdapterImpl"><name>New Data Adapter </name><dataFile xmlns:xsi="http://www.w3.org/2001/XMLSchema-instance" xsi:type="repositoryDataLocation"><location>C:\Users\yangrenzhi\Desktop\test.json</location></dataFile><language>json</language><useConnection>true</useConnection><timeZone xmlns:xsi="http://www.w3.org/2001/XMLSchema-instance" xmlns:java="http://java.sun.com" xsi:type="java:java.lang.String">Asia/Shanghai</timeZone><locale xmlns:xsi="http://www.w3.org/2001/XMLSchema-instance" xmlns:java="http://java.sun.com" xsi:type="java:java.lang.String">zh_CN</locale><selectExpression></selectExpression></jsonDataAdapter>